"filename", "language", "JavaScript", "PostCSS", "JavaScript JSX", "comment", "blank", "total"
"/home/samnang/Documents/apsor-frontend/src/App.css", "PostCSS", 0, 5, 0, 0, 2, 7
"/home/samnang/Documents/apsor-frontend/src/App.jsx", "JavaScript JSX", 0, 0, 130, 1, 18, 149
"/home/samnang/Documents/apsor-frontend/src/admin/AdminDashboardLayout.jsx", "JavaScript JSX", 0, 0, 22, 4, 12, 38
"/home/samnang/Documents/apsor-frontend/src/admin/components/AdminSelect.jsx", "JavaScript JSX", 0, 0, 140, 0, 19, 159
"/home/samnang/Documents/apsor-frontend/src/admin/components/AdminToast.jsx", "JavaScript JSX", 0, 0, 42, 0, 5, 47
"/home/samnang/Documents/apsor-frontend/src/admin/components/AdminUnauthPage.jsx", "JavaScript JSX", 0, 0, 68, 0, 10, 78
"/home/samnang/Documents/apsor-frontend/src/admin/components/CategoryFormModal.jsx", "JavaScript JSX", 0, 0, 295, 0, 17, 312
"/home/samnang/Documents/apsor-frontend/src/admin/components/CustomerFormModal.jsx", "JavaScript JSX", 0, 0, 162, 0, 11, 173
"/home/samnang/Documents/apsor-frontend/src/admin/components/DeleteModal.jsx", "JavaScript JSX", 0, 0, 64, 0, 4, 68
"/home/samnang/Documents/apsor-frontend/src/admin/components/InputField.jsx", "JavaScript JSX", 0, 0, 76, 0, 8, 84
"/home/samnang/Documents/apsor-frontend/src/admin/components/ProviderAvatarModal.jsx", "JavaScript JSX", 0, 0, 156, 0, 19, 175
"/home/samnang/Documents/apsor-frontend/src/admin/components/ProviderFormModal.jsx", "JavaScript JSX", 0, 0, 169, 0, 14, 183
"/home/samnang/Documents/apsor-frontend/src/admin/components/SidebarPage.jsx", "JavaScript JSX", 0, 0, 328, 0, 27, 355
"/home/samnang/Documents/apsor-frontend/src/admin/components/SubcategoryFormModal.jsx", "JavaScript JSX", 0, 0, 156, 0, 6, 162
"/home/samnang/Documents/apsor-frontend/src/admin/components/TableLayout.jsx", "JavaScript JSX", 0, 0, 281, 2, 17, 300
"/home/samnang/Documents/apsor-frontend/src/admin/components/TopHeader.jsx", "JavaScript JSX", 0, 0, 246, 0, 28, 274
"/home/samnang/Documents/apsor-frontend/src/admin/components/UserFormModal.jsx", "JavaScript JSX", 0, 0, 161, 0, 8, 169
"/home/samnang/Documents/apsor-frontend/src/admin/data/adminCategories.js", "JavaScript", 19, 0, 0, 0, 1, 20
"/home/samnang/Documents/apsor-frontend/src/admin/pages/AdminAuditLogsPage.jsx", "JavaScript JSX", 0, 0, 372, 0, 25, 397
"/home/samnang/Documents/apsor-frontend/src/admin/pages/AdminCategoriesPage.jsx", "JavaScript JSX", 0, 0, 360, 0, 47, 407
"/home/samnang/Documents/apsor-frontend/src/admin/pages/AdminCustomerPage.jsx", "JavaScript JSX", 0, 0, 336, 0, 54, 390
"/home/samnang/Documents/apsor-frontend/src/admin/pages/AdminDashboardPage.jsx", "JavaScript JSX", 0, 0, 254, 0, 22, 276
"/home/samnang/Documents/apsor-frontend/src/admin/pages/AdminOrdersPage.jsx", "JavaScript JSX", 0, 0, 182, 0, 23, 205
"/home/samnang/Documents/apsor-frontend/src/admin/pages/AdminProviderPage.jsx", "JavaScript JSX", 0, 0, 482, 0, 80, 562
"/home/samnang/Documents/apsor-frontend/src/admin/pages/AdminServicesPage.jsx", "JavaScript JSX", 0, 0, 145, 0, 20, 165
"/home/samnang/Documents/apsor-frontend/src/admin/pages/AdminSubcategoriesPage.jsx", "JavaScript JSX", 0, 0, 315, 0, 26, 341
"/home/samnang/Documents/apsor-frontend/src/admin/pages/AdminUsersPage.jsx", "JavaScript JSX", 0, 0, 318, 0, 26, 344
"/home/samnang/Documents/apsor-frontend/src/admin/pages/ProviderDashboardPage.jsx", "JavaScript JSX", 0, 0, 301, 0, 26, 327
"/home/samnang/Documents/apsor-frontend/src/admin/pages/ProviderOrdersPage.jsx", "JavaScript JSX", 0, 0, 188, 0, 23, 211
"/home/samnang/Documents/apsor-frontend/src/admin/protected/AdminProtectedRoute.jsx", "JavaScript JSX", 0, 0, 36, 0, 10, 46
"/home/samnang/Documents/apsor-frontend/src/admin/utils/adminAccess.js", "JavaScript", 31, 0, 0, 0, 9, 40
"/home/samnang/Documents/apsor-frontend/src/admin/utils/adminCategoryPage.js", "JavaScript", 78, 0, 0, 0, 16, 94
"/home/samnang/Documents/apsor-frontend/src/admin/utils/adminCustomerPage.js", "JavaScript", 1, 0, 0, 0, 2, 3
"/home/samnang/Documents/apsor-frontend/src/admin/utils/adminDashboardPage.js", "JavaScript", 72, 0, 0, 0, 3, 75
"/home/samnang/Documents/apsor-frontend/src/admin/utils/adminServicePage.js", "JavaScript", 45, 0, 0, 0, 4, 49
"/home/samnang/Documents/apsor-frontend/src/admin/utils/adminSubcategoryPage.js", "JavaScript", 53, 0, 0, 0, 4, 57
"/home/samnang/Documents/apsor-frontend/src/admin/utils/adminUserPage.js", "JavaScript", 213, 0, 0, 0, 8, 221
"/home/samnang/Documents/apsor-frontend/src/admin/utils/categoryAdmin.js", "JavaScript", 124, 0, 0, 0, 7, 131
"/home/samnang/Documents/apsor-frontend/src/api/api.js", "JavaScript", 114, 0, 0, 0, 25, 139
"/home/samnang/Documents/apsor-frontend/src/api/index.js", "JavaScript", 976, 0, 0, 3, 173, 1152
"/home/samnang/Documents/apsor-frontend/src/components/auth/AuthInput.jsx", "JavaScript JSX", 0, 0, 130, 0, 11, 141
"/home/samnang/Documents/apsor-frontend/src/components/auth/AuthStepProgress.jsx", "JavaScript JSX", 0, 0, 55, 0, 3, 58
"/home/samnang/Documents/apsor-frontend/src/components/auth/SuccessResetPassword.jsx", "JavaScript JSX", 0, 0, 83, 0, 13, 96
"/home/samnang/Documents/apsor-frontend/src/components/categories/CategoryCard.jsx", "JavaScript JSX", 0, 0, 47, 0, 5, 52
"/home/samnang/Documents/apsor-frontend/src/components/categories/CategoryDetailSkeleton.jsx", "JavaScript JSX", 0, 0, 56, 0, 6, 62
"/home/samnang/Documents/apsor-frontend/src/components/categories/CategorySectionSkeleton.jsx", "JavaScript JSX", 0, 0, 25, 0, 2, 27
"/home/samnang/Documents/apsor-frontend/src/components/provider/ProviderHeroStats.jsx", "JavaScript JSX", 0, 0, 25, 0, 2, 27
"/home/samnang/Documents/apsor-frontend/src/components/services/ServiceDetailSkeleton.jsx", "JavaScript JSX", 0, 0, 59, 0, 9, 68
"/home/samnang/Documents/apsor-frontend/src/components/services/ServiceGallery.jsx", "JavaScript JSX", 0, 0, 180, 0, 22, 202
"/home/samnang/Documents/apsor-frontend/src/components/services/ServiceListCard.jsx", "JavaScript JSX", 0, 0, 165, 0, 20, 185
"/home/samnang/Documents/apsor-frontend/src/components/services/ServiceLocationMap.jsx", "JavaScript JSX", 0, 0, 44, 0, 6, 50
"/home/samnang/Documents/apsor-frontend/src/components/services/ServicePriceList.jsx", "JavaScript JSX", 0, 0, 140, 0, 18, 158
"/home/samnang/Documents/apsor-frontend/src/components/services/ServiceProviderInfo.jsx", "JavaScript JSX", 0, 0, 308, 0, 44, 352
"/home/samnang/Documents/apsor-frontend/src/components/services/ServiceRecommendations.jsx", "JavaScript JSX", 0, 0, 52, 0, 7, 59
"/home/samnang/Documents/apsor-frontend/src/components/services/ServiceSummary.jsx", "JavaScript JSX", 0, 0, 12, 0, 1, 13
"/home/samnang/Documents/apsor-frontend/src/components/services/upload/UploadField.jsx", "JavaScript JSX", 0, 0, 15, 0, 2, 17
"/home/samnang/Documents/apsor-frontend/src/components/services/upload/UploadInfoTile.jsx", "JavaScript JSX", 0, 0, 15, 0, 1, 16
"/home/samnang/Documents/apsor-frontend/src/components/services/upload/UploadStepCard.jsx", "JavaScript JSX", 0, 0, 21, 0, 2, 23
"/home/samnang/Documents/apsor-frontend/src/components/services/upload/UploadToggleButton.jsx", "JavaScript JSX", 0, 0, 30, 0, 4, 34
"/home/samnang/Documents/apsor-frontend/src/components/shared/Breadcrumb.jsx", "JavaScript JSX", 0, 0, 84, 0, 14, 98
"/home/samnang/Documents/apsor-frontend/src/components/shared/Category.jsx", "JavaScript JSX", 0, 0, 94, 0, 8, 102
"/home/samnang/Documents/apsor-frontend/src/components/shared/Footer.jsx", "JavaScript JSX", 0, 0, 51, 0, 6, 57
"/home/samnang/Documents/apsor-frontend/src/components/shared/Header.jsx", "JavaScript JSX", 0, 0, 492, 15, 42, 549
"/home/samnang/Documents/apsor-frontend/src/components/shared/HeroSwiper.jsx", "JavaScript JSX", 0, 0, 176, 7, 16, 199
"/home/samnang/Documents/apsor-frontend/src/components/shared/InputField.jsx", "JavaScript JSX", 0, 0, 234, 0, 20, 254
"/home/samnang/Documents/apsor-frontend/src/components/shared/Modal.jsx", "JavaScript JSX", 0, 0, 95, 0, 12, 107
"/home/samnang/Documents/apsor-frontend/src/components/shared/NearestService.jsx", "JavaScript JSX", 0, 0, 120, 0, 12, 132
"/home/samnang/Documents/apsor-frontend/src/components/shared/Search.jsx", "JavaScript JSX", 0, 0, 204, 1, 30, 235
"/home/samnang/Documents/apsor-frontend/src/components/shared/ServiceList.jsx", "JavaScript JSX", 0, 0, 96, 0, 7, 103
"/home/samnang/Documents/apsor-frontend/src/data/defaultCategories.js", "JavaScript", 66, 0, 0, 0, 1, 67
"/home/samnang/Documents/apsor-frontend/src/data/defaultOrders.js", "JavaScript", 66, 0, 0, 0, 1, 67
"/home/samnang/Documents/apsor-frontend/src/data/defaultProviders.js", "JavaScript", 74, 0, 0, 0, 1, 75
"/home/samnang/Documents/apsor-frontend/src/data/defaultServices.js", "JavaScript", 406, 0, 0, 0, 1, 407
"/home/samnang/Documents/apsor-frontend/src/data/defaultSubcategories.js", "JavaScript", 242, 0, 0, 0, 1, 243
"/home/samnang/Documents/apsor-frontend/src/helper/tableColumn.jsx", "JavaScript JSX", 0, 0, 1443, 0, 38, 1481
"/home/samnang/Documents/apsor-frontend/src/hooks/useOrders.js", "JavaScript", 38, 0, 0, 0, 11, 49
"/home/samnang/Documents/apsor-frontend/src/hooks/useTheme.js", "JavaScript", 55, 0, 0, 0, 10, 65
"/home/samnang/Documents/apsor-frontend/src/i18n/dict.js", "JavaScript", 196, 0, 0, 0, 1, 197
"/home/samnang/Documents/apsor-frontend/src/i18n/useLang.js", "JavaScript", 35, 0, 0, 4, 7, 46
"/home/samnang/Documents/apsor-frontend/src/index.css", "PostCSS", 0, 97, 0, 0, 22, 119
"/home/samnang/Documents/apsor-frontend/src/layouts/RouteLayout.jsx", "JavaScript JSX", 0, 0, 19, 0, 2, 21
"/home/samnang/Documents/apsor-frontend/src/main.jsx", "JavaScript JSX", 0, 0, 9, 0, 2, 11
"/home/samnang/Documents/apsor-frontend/src/page/auth/ForgotPassword.jsx", "JavaScript JSX", 0, 0, 126, 0, 13, 139
"/home/samnang/Documents/apsor-frontend/src/page/auth/ForgotPasswordOtp.jsx", "JavaScript JSX", 0, 0, 190, 0, 21, 211
"/home/samnang/Documents/apsor-frontend/src/page/auth/ResetPassword.jsx", "JavaScript JSX", 0, 0, 178, 0, 16, 194
"/home/samnang/Documents/apsor-frontend/src/page/auth/SignIn.jsx", "JavaScript JSX", 0, 0, 184, 0, 21, 205
"/home/samnang/Documents/apsor-frontend/src/page/auth/SignUp.jsx", "JavaScript JSX", 0, 0, 408, 0, 39, 447
"/home/samnang/Documents/apsor-frontend/src/page/auth/authStorage.js", "JavaScript", 165, 0, 0, 0, 35, 200
"/home/samnang/Documents/apsor-frontend/src/page/auth/signInText.js", "JavaScript", 46, 0, 0, 0, 1, 47
"/home/samnang/Documents/apsor-frontend/src/page/auth/signInUtils.js", "JavaScript", 55, 0, 0, 0, 15, 70
"/home/samnang/Documents/apsor-frontend/src/page/category/CategoriesPage.jsx", "JavaScript JSX", 0, 0, 96, 0, 10, 106
"/home/samnang/Documents/apsor-frontend/src/page/category/CategoryDetailPage.jsx", "JavaScript JSX", 0, 0, 141, 0, 11, 152
"/home/samnang/Documents/apsor-frontend/src/page/category/SubcategoryDetailPage.jsx", "JavaScript JSX", 0, 0, 288, 0, 29, 317
"/home/samnang/Documents/apsor-frontend/src/page/home/HomePage.jsx", "JavaScript JSX", 0, 0, 51, 0, 10, 61
"/home/samnang/Documents/apsor-frontend/src/page/order/OrderDetailPage.jsx", "JavaScript JSX", 0, 0, 257, 0, 21, 278
"/home/samnang/Documents/apsor-frontend/src/page/order/OrdersPage.jsx", "JavaScript JSX", 0, 0, 181, 0, 12, 193
"/home/samnang/Documents/apsor-frontend/src/page/payment/PaymentPage.jsx", "JavaScript JSX", 0, 0, 487, 0, 45, 532
"/home/samnang/Documents/apsor-frontend/src/page/profile/ProfilePage.jsx", "JavaScript JSX", 0, 0, 445, 0, 50, 495
"/home/samnang/Documents/apsor-frontend/src/page/provider/BecomeProviderPage.jsx", "JavaScript JSX", 0, 0, 601, 0, 80, 681
"/home/samnang/Documents/apsor-frontend/src/page/provider/ProviderDetailPage.jsx", "JavaScript JSX", 0, 0, 575, 0, 52, 627
"/home/samnang/Documents/apsor-frontend/src/page/provider/ProviderProfilePage.jsx", "JavaScript JSX", 0, 0, 465, 0, 51, 516
"/home/samnang/Documents/apsor-frontend/src/page/provider/ProviderServiceManagePage.jsx", "JavaScript JSX", 0, 0, 296, 0, 38, 334
"/home/samnang/Documents/apsor-frontend/src/page/search/SearchRelatedPage.jsx", "JavaScript JSX", 0, 0, 351, 0, 45, 396
"/home/samnang/Documents/apsor-frontend/src/page/service/EditServicePage.jsx", "JavaScript JSX", 0, 0, 4, 0, 2, 6
"/home/samnang/Documents/apsor-frontend/src/page/service/ServiceDetailPage.jsx", "JavaScript JSX", 0, 0, 121, 0, 20, 141
"/home/samnang/Documents/apsor-frontend/src/page/service/ServiceFormPage.jsx", "JavaScript JSX", 0, 0, 2530, 0, 262, 2792
"/home/samnang/Documents/apsor-frontend/src/page/service/UploadServicePage.jsx", "JavaScript JSX", 0, 0, 4, 0, 2, 6
"/home/samnang/Documents/apsor-frontend/src/store/useCategoryStore.js", "JavaScript", 54, 0, 0, 0, 10, 64
"/home/samnang/Documents/apsor-frontend/src/utils/assets.js", "JavaScript", 26, 0, 0, 0, 8, 34
"/home/samnang/Documents/apsor-frontend/src/utils/orders.js", "JavaScript", 219, 0, 0, 0, 30, 249
"/home/samnang/Documents/apsor-frontend/src/utils/pricing.js", "JavaScript", 44, 0, 0, 0, 6, 50
"/home/samnang/Documents/apsor-frontend/src/utils/provider.js", "JavaScript", 81, 0, 0, 1, 18, 100
"/home/samnang/Documents/apsor-frontend/src/utils/service.js", "JavaScript", 100, 0, 0, 0, 18, 118
"Total", "-", 3694, 102, 18343, 38, 2293, 24470